tanggal,imsak,subuh,maghrib
2017-05-22,15:31,15:32,15:33
2017-05-27,04:25,04:35,17:46
2017-05-28,04:26,04:36,17:47
2017-05-29,04:26,04:36,17:47
2017-05-30,04:26,04:36,17:47
2017-05-31,04:26,04:36,17:47
2017-06-01,04:26,04:36,17:47
2017-06-02,04:26,04:36,17:47
2017-06-03,04:26,04:36,17:47
2017-06-04,04:26,04:36,17:47
2017-06-05,04:27,04:37,17:47
2017-06-06,04:27,04:37,17:47
2017-06-07,04:27,04:37,17:47
2017-06-08,04:27,04:37,17:48
2017-06-09,04:27,04:37,17:48
2017-06-10,04:27,04:37,17:48
2017-06-11,04:28,04:38,17:48
2017-06-12,04:28,04:38,17:48
2017-06-13,04:28,04:38,17:48
2017-06-14,04:28,04:38,17:49
2017-06-15,04:28,04:38,17:49
2017-06-16,04:29,04:39,17:49
2017-06-17,04:29,04:39,17:49
2017-06-18,04:29,04:39,17:49
2017-06-19,04:29,04:39,17:50
2017-06-20,04:30,04:40,17:50
2017-06-21,04:30,04:40,17:50
2017-06-22,04:30,04:40,17:50
2017-06-23,04:30,04:40,17:51
2017-06-24,04:30,04:40,17:51
